"身份证件 ","x 0 （LU） ","和 0 （LU） ","z 0 （LU） ","vx 0 （LU/TU） ","你 0 （LU/TU） ","vz 0 （LU/TU） ","雅可比常数 （LU 2 /TU 2 ） ","期限（TU） ","周期（天） ","稳定性指数 ","Mass ratio"
"4","8.1325124925208214E-1","1.9831381157943513E-23","8.9829558073287009E-26","-8.6164950563124193E-13","5.1077521286341498E-1","8.7539590090629100E-26","2.9332902969708199E+0","3.0552805843385573E+0","1.3543001120844366E+1","1.0000000001931599E+0","1.215058560962404E-2"