"身份证件 ","x 0 （LU） ","和 0 （LU） ","z 0 （LU） ","vx 0 （LU/TU） ","你 0 （LU/TU） ","vz 0 （LU/TU） ","雅可比常数 （LU 2 /TU 2 ） ","期限（TU） ","周期（天） ","稳定性指数 ","Mass ratio"
"4","8.6235904225522875E-1","3.9047072936009998E-30","3.8643458428321122E-36","-5.2923428437008366E-16","4.7312259799740636E-1","-6.2334261372198115E-36","2.9726754472132302E+0","2.0396251784502755E+0","9.0409523169324686E+0","1.0000000000024500E+0","1.215058560962404E-2"